Passenger ID,Number of Flights,First name,Last name
2068,32,Yolande,Pete
1677,27,Katherina,Vasiliki
4827,27,Jaime,Renay
8961,26,Ginny,Clara
3173,26,Sunshine,Scott
5867,25,Luise,Raymond
2857,25,Son,Ginette
760,25,Vernia,Mui
8363,25,Branda,Kimiko
5096,25,Blythe,Hyon
6084,25,Cole,Sharyl
288,25,Pamila,Mavis
917,25,Anisha,Alaine
1240,24,Catherine,Missy
5668,24,Gladis,Earlene
1343,24,Bennett,Staci
2441,24,Kayla,Rufus
3367,24,Priscilla,Corie
9441,23,Annalisa,Luanna
613,23,Palmer,Yuonne
211,23,Lori,Jeremiah
8411,23,Juliann,Cheryll
366,23,Carman,Meghan
3093,23,Theda,Rodrick
2717,23,Shannon,Marlyn
3405,23,Johna,Ollie
1673,23,Jeanie,Gladis
1598,23,Amelia,Betsey
8353,23,Davis,Williams
2251,23,Gussie,Temple
3590,23,Isiah,Tyler
1337,23,Kirby,Melvin
5332,23,Bobette,Laurice
4056,23,Dagmar,Marilee
281,23,Sage,Fernanda
7643,23,Albina,Joni
392,22,Cory,Ebonie
5490,22,Toni,Winnifred
350,22,Annemarie,Nilsa
2939,22,Jaleesa,Clement
1769,22,Lisha,Delmer
3180,22,Yvette,Peter
258,22,Emmaline,Marcelle
2437,22,Charlyn,Wynona
4034,22,Thalia,Maurice
6447,22,Brigitte,Jodie
5423,22,Sirena,Nigel
739,22,Sadye,Rhea
391,22,Carolynn,Enola
9252,22,Angella,Margret
167,22,Mona,Kassandra
798,22,Ramiro,Terisa
4611,22,Cristi,Eugenia
3078,22,Laquita,Kate
7162,22,Alfonso,Dinah
1413,22,Carlee,Timmy
435,21,Tiffani,Frances
1651,21,Alex,Annabelle
6060,21,Delisa,Elisha
2185,21,Rae,Chas
4399,21,Kevin,Nicole
1464,21,Margherita,Arica
3332,21,Kiara,Donnie
4249,21,Chi,Valeri
3112,21,Madie,Winona
2926,21,Vicky,Patrica
398,21,Mario,Trinh
5560,21,Lang,Johnie
1982,21,Izetta,Marjorie
4552,21,Mayme,Luvenia
437,21,Kelli,Roger
4632,21,Jacklyn,Christia
2516,21,Tamar,Claretta
1581,21,Marx,Artie
848,21,Marya,Eliana
9540,21,Rhoda,Gavin
364,21,Donya,Stephan
763,21,Will,Chanelle
2254,21,Angelina,Gracia
4502,21,Thea,Yolando
5416,21,Chin,Claretta
5007,21,Laticia,Katherine
905,21,Terrie,Gisela
6777,21,Tamara,Terresa
2544,20,Annamae,Marva
3589,20,Lee,Ben
5775,20,Mozella,Essie
3867,20,Nida,Darcey
1818,20,Marlon,Towanda
2734,20,Otha,Genoveva
3309,20,Ellen,Trang
2467,20,Abe,Rosalia
649,20,Doreen,Raymond
4774,20,Myles,Ivan
3802,20,Gwyn,Cherish
4496,20,Lilian,Suzi
1029,20,Donita,Katrina
7662,20,Kayce,Dorethea
7832,20,Wendi,Muoi
2378,20,Berenice,Eladia
